timestamp,accel_x,accel_y,accel_z,gyro_x,gyro_y,gyro_z,label,bumpiness
14:48:24.007,-1.0,1.38,10.53,0.02,0.09,-0.18,plattenweg,normal
14:48:24.112,-0.13,1.75,10.58,0.01,0.1,-0.18,plattenweg,normal
14:48:24.223,-1.02,1.56,10.26,0.02,0.07,-0.2,plattenweg,normal
14:48:24.326,-1.24,1.94,10.48,0.02,0.05,-0.22,plattenweg,normal
14:48:24.442,-2.07,1.86,10.44,0.02,0.03,-0.26,plattenweg,normal
14:48:24.547,-0.85,1.94,10.75,0.01,-0.03,-0.3,plattenweg,normal
14:48:24.662,-0.05,1.48,10.47,0.03,-0.06,-0.29,plattenweg,normal
14:48:24.767,-0.03,1.25,10.77,0.03,-0.02,-0.25,plattenweg,normal
14:48:24.882,-1.63,0.59,10.69,0.02,-0.03,-0.24,plattenweg,normal
14:48:24.989,-0.17,-0.03,9.96,0.05,-0.07,-0.27,plattenweg,normal
14:48:25.096,1.3,0.77,10.98,0.07,-0.07,-0.2,plattenweg,normal
14:48:25.210,0.3,0.0,10.47,0.04,-0.08,-0.16,plattenweg,normal
14:48:25.317,0.08,0.07,10.03,0.05,0.02,-0.08,plattenweg,normal
14:48:25.428,0.48,1.42,10.98,0.05,-0.02,-0.05,plattenweg,normal
14:48:25.532,1.53,0.63,10.62,0.01,0.02,0.04,plattenweg,normal
14:48:25.647,1.49,0.68,10.31,0.01,-0.07,0.08,plattenweg,normal
14:48:25.754,-1.69,0.96,10.39,-0.02,0.1,0.18,plattenweg,normal
14:48:25.863,-0.24,0.38,9.73,-0.02,0.17,0.23,plattenweg,normal
14:48:25.969,0.55,1.52,10.84,-0.01,0.14,0.26,plattenweg,normal
14:48:26.072,0.61,2.1,10.78,-0.01,0.12,0.29,plattenweg,normal
14:48:26.180,-0.57,2.09,11.07,-0.02,0.12,0.32,plattenweg,normal
14:48:26.292,-1.24,1.35,11.22,-0.04,0.13,0.3,plattenweg,normal
14:48:26.394,0.21,1.19,9.45,-0.01,0.14,0.31,plattenweg,normal
14:48:26.507,-0.09,1.77,11.02,0.01,0.16,0.35,plattenweg,normal
14:48:26.612,-0.67,1.92,10.76,-0.02,0.21,0.37,plattenweg,normal
14:48:26.727,-1.36,1.39,9.19,0.0,0.22,0.35,plattenweg,normal
14:48:26.834,-0.63,1.79,11.34,0.01,0.2,0.28,plattenweg,normal
14:48:26.951,-0.66,2.23,10.15,-0.01,0.18,0.22,plattenweg,normal
14:48:27.055,0.56,1.58,10.95,0.01,0.13,0.13,plattenweg,normal
14:48:27.163,-1.16,0.84,9.83,0.02,0.2,0.08,plattenweg,normal
14:48:27.274,-0.7,1.78,10.18,0.06,0.24,0.03,plattenweg,normal
14:48:27.383,-0.74,2.18,9.45,0.07,0.25,-0.05,plattenweg,normal
14:48:27.494,-1.88,2.43,12.54,0.08,0.17,-0.16,plattenweg,normal
14:48:27.602,-1.77,0.7,8.57,0.05,0.15,-0.23,plattenweg,normal
14:48:27.709,-0.14,0.15,10.85,0.08,0.09,-0.25,plattenweg,normal
14:48:27.823,-0.11,1.1,13.33,0.05,0.23,-0.23,plattenweg,normal
14:48:27.932,-2.88,0.99,8.83,0.04,0.2,-0.31,plattenweg,normal
14:48:28.045,-1.6,0.38,11.68,0.03,0.04,-0.38,plattenweg,normal
14:48:28.151,1.1,-0.5,11.23,0.03,0.01,-0.33,plattenweg,normal
14:48:28.258,1.72,-0.64,10.22,0.03,0.01,-0.26,plattenweg,normal
14:48:28.364,-3.39,-0.35,9.47,0.01,0.07,-0.2,plattenweg,normal
14:48:28.478,-3.27,-0.4,9.93,0.01,0.03,-0.27,plattenweg,normal
14:48:28.590,0.14,0.61,10.4,-0.01,0.05,-0.29,plattenweg,normal
14:48:28.694,0.52,0.06,10.51,-0.08,0.0,-0.32,plattenweg,normal
14:48:28.814,-1.05,0.13,10.0,0.01,-0.02,-0.36,plattenweg,normal
14:48:28.919,-0.52,-0.04,10.13,0.02,-0.01,-0.39,plattenweg,normal
14:48:29.025,-2.96,2.04,9.63,0.03,0.11,-0.44,plattenweg,normal
14:48:29.134,2.61,0.84,11.84,0.03,0.0,-0.42,plattenweg,normal
14:48:29.241,0.69,1.14,9.4,0.02,0.04,-0.31,plattenweg,normal
14:48:29.350,0.2,1.25,11.75,-0.01,-0.01,-0.23,plattenweg,normal
14:48:29.461,-2.36,0.52,10.29,-0.1,0.02,-0.22,plattenweg,normal
14:48:29.567,-1.24,-0.46,10.07,-0.09,-0.02,-0.26,plattenweg,normal
14:48:29.673,-0.08,-1.82,10.26,-0.1,-0.07,-0.31,plattenweg,normal
14:48:29.788,-1.05,0.74,8.34,-0.05,-0.01,-0.32,plattenweg,normal
14:48:29.895,-0.63,0.2,10.69,-0.07,-0.07,-0.37,plattenweg,normal
14:48:30.010,-0.96,1.47,10.07,-0.09,-0.07,-0.42,plattenweg,normal
14:48:30.114,0.68,0.61,10.96,-0.08,-0.06,-0.42,plattenweg,normal
14:48:30.228,0.32,1.81,11.48,-0.13,-0.04,-0.39,plattenweg,normal
14:48:30.335,0.34,-2.29,9.88,-0.17,-0.02,-0.36,plattenweg,normal
14:48:30.442,-0.07,-0.94,10.89,-0.08,-0.08,-0.3,plattenweg,normal
14:48:30.556,0.35,-1.39,9.28,-0.08,-0.0,-0.22,plattenweg,normal
14:48:30.666,0.2,-1.68,9.65,-0.08,-0.03,-0.14,plattenweg,normal
14:48:30.773,0.37,-0.02,10.7,-0.08,0.01,-0.03,plattenweg,normal
14:48:30.883,-0.85,-0.18,9.46,-0.1,0.07,0.0,plattenweg,normal
14:48:30.995,-0.89,0.14,9.11,-0.03,0.0,-0.02,plattenweg,normal
14:48:31.099,-0.32,-0.06,11.67,-0.01,-0.01,-0.04,plattenweg,normal
14:48:31.212,0.33,1.25,9.1,0.07,0.04,-0.02,plattenweg,normal
14:48:31.318,0.23,0.96,11.19,0.04,0.05,0.02,plattenweg,normal
14:48:31.425,0.15,0.61,12.3,0.06,0.04,0.11,plattenweg,normal
14:48:31.541,-2.52,-0.12,8.47,0.03,0.1,0.14,plattenweg,normal
14:48:31.647,0.59,0.04,10.08,0.07,0.0,0.19,plattenweg,normal
14:48:31.755,-0.11,1.59,12.75,0.03,0.02,0.21,plattenweg,normal
14:48:31.868,-1.19,0.82,7.3,0.05,0.11,0.24,plattenweg,normal
14:48:31.974,-2.33,2.05,10.48,0.05,0.06,0.18,plattenweg,normal
14:48:32.088,-0.65,0.69,12.66,0.02,0.0,0.12,plattenweg,normal
14:48:32.200,-0.43,0.01,9.1,0.08,0.04,0.1,plattenweg,normal
14:48:32.305,-1.56,1.25,10.69,0.08,0.09,0.09,plattenweg,normal
14:48:32.413,-0.66,-0.19,9.67,0.06,0.06,0.08,plattenweg,normal
14:48:32.528,-0.02,1.03,6.87,0.17,0.06,0.11,plattenweg,normal
14:48:32.659,-0.5,2.0,13.39,0.2,-0.04,0.11,plattenweg,normal
14:48:32.780,-2.63,1.42,9.99,0.17,0.06,0.06,plattenweg,normal
14:48:32.887,0.8,0.89,14.14,0.17,-0.1,0.06,plattenweg,normal
14:48:33.000,-1.2,-0.33,10.51,0.09,0.07,0.05,plattenweg,normal
14:48:33.114,-1.63,-0.65,10.02,0.16,0.03,0.05,plattenweg,normal
14:48:33.218,2.04,0.28,13.24,0.1,-0.01,0.04,plattenweg,normal
14:48:33.331,-2.82,0.03,12.63,0.06,0.09,0.04,plattenweg,normal
14:48:33.438,-3.08,0.12,10.65,0.03,0.07,-0.01,plattenweg,normal
14:48:33.541,-0.26,-0.46,12.11,0.01,0.02,-0.04,plattenweg,normal
14:48:33.658,-0.9,0.34,10.26,0.02,0.1,-0.05,plattenweg,normal
14:48:33.763,-1.16,1.23,10.83,0.03,-0.03,-0.09,plattenweg,normal
14:48:33.874,-2.01,0.46,9.74,0.03,-0.07,-0.12,plattenweg,normal
14:48:33.981,-1.58,1.18,9.84,0.05,-0.1,-0.15,plattenweg,normal
14:48:34.095,-1.53,-0.04,8.9,0.07,-0.09,-0.17,plattenweg,normal
14:48:34.201,-1.36,1.17,8.88,0.12,-0.1,-0.22,plattenweg,normal
14:48:34.309,-1.15,2.13,13.03,0.05,-0.21,-0.26,plattenweg,normal
14:48:34.423,-0.11,-0.54,9.15,0.03,-0.19,-0.28,plattenweg,normal
14:48:34.536,0.65,1.89,11.56,0.06,-0.23,-0.31,plattenweg,normal
14:48:34.643,-1.18,0.77,10.5,-0.01,-0.26,-0.34,plattenweg,normal
14:48:34.752,0.39,-0.67,11.07,0.01,-0.18,-0.25,plattenweg,normal
14:48:34.858,-0.33,0.03,11.07,-0.01,-0.2,-0.24,plattenweg,normal
14:48:34.974,2.21,-0.94,11.47,-0.07,-0.23,-0.16,plattenweg,normal
14:48:35.081,-1.53,-0.65,11.28,-0.06,-0.21,-0.15,plattenweg,normal
14:48:35.189,1.07,-1.06,10.11,-0.05,-0.21,-0.11,plattenweg,normal
14:48:35.302,0.18,0.48,11.65,-0.03,-0.18,-0.05,plattenweg,normal
14:48:35.408,0.16,-0.02,8.97,-0.07,-0.16,0.01,plattenweg,normal
14:48:35.525,1.04,0.99,10.88,-0.04,-0.15,0.1,plattenweg,normal
14:48:35.635,0.25,-0.08,10.69,-0.08,-0.16,0.15,plattenweg,normal
14:48:35.743,-0.41,0.82,10.08,-0.04,-0.12,0.17,plattenweg,normal
14:48:35.856,-0.0,0.07,10.21,-0.1,-0.06,0.2,plattenweg,normal
14:48:35.962,0.61,0.17,10.4,-0.05,-0.08,0.23,plattenweg,normal
14:48:36.072,-0.8,0.15,11.29,-0.09,-0.04,0.28,plattenweg,normal
14:48:36.179,-0.41,-0.37,9.2,-0.06,-0.0,0.32,plattenweg,normal
14:48:36.293,-0.03,0.68,11.86,-0.07,0.02,0.37,plattenweg,normal
14:48:36.400,0.19,0.42,8.5,-0.05,-0.05,0.4,plattenweg,normal
14:48:36.506,-0.61,1.7,10.21,-0.0,-0.02,0.42,plattenweg,normal
14:48:36.621,-1.34,0.86,9.68,0.0,0.04,0.46,plattenweg,normal
14:48:36.728,3.85,0.65,10.89,0.06,-0.16,0.54,plattenweg,normal
14:48:36.842,-3.66,2.26,10.33,0.04,0.12,0.53,plattenweg,normal
14:48:36.951,-3.26,0.22,8.22,0.02,0.1,0.49,plattenweg,normal
14:48:37.054,2.74,0.42,13.39,0.05,0.04,0.48,plattenweg,normal
14:48:37.170,-3.11,-0.33,9.78,-0.03,0.19,0.4,plattenweg,normal
14:48:37.283,-1.09,-0.93,10.18,0.01,0.12,0.36,plattenweg,normal
14:48:37.390,-0.59,-0.22,10.34,0.02,0.16,0.35,plattenweg,normal
14:48:37.500,1.44,-0.51,9.61,0.03,0.19,0.41,plattenweg,normal
14:48:37.606,-1.32,0.87,11.25,0.03,0.25,0.5,plattenweg,normal
14:48:37.721,-0.73,1.0,9.64,0.02,0.22,0.49,plattenweg,normal
14:48:37.827,-1.51,0.07,9.96,0.02,0.24,0.56,plattenweg,normal
14:48:37.932,-1.6,1.23,10.74,0.05,0.2,0.51,plattenweg,normal
14:48:38.049,-2.54,1.7,10.01,0.02,0.25,0.47,plattenweg,normal
14:48:38.154,-1.26,1.24,10.97,-0.0,0.25,0.42,plattenweg,normal
14:48:38.269,-1.67,1.53,10.6,0.02,0.22,0.37,plattenweg,normal
14:48:38.370,-1.62,0.73,10.77,-0.0,0.18,0.32,plattenweg,normal
14:48:38.486,-1.71,0.37,10.24,0.01,0.2,0.27,plattenweg,normal
14:48:38.592,-2.74,-0.7,10.63,0.02,0.18,0.16,plattenweg,normal
14:48:38.699,-0.67,0.59,10.96,0.04,0.17,0.07,plattenweg,normal
14:48:38.813,-1.15,-0.29,10.08,0.02,0.12,-0.02,plattenweg,normal
14:48:38.943,-1.2,-0.07,10.53,0.05,0.13,-0.09,plattenweg,normal
14:48:39.049,-0.62,1.3,10.24,0.07,0.01,-0.16,plattenweg,normal
14:48:39.165,-2.33,-0.16,10.47,0.01,0.01,-0.25,plattenweg,normal
14:48:39.270,-1.19,0.45,10.83,0.06,0.03,-0.25,plattenweg,normal
14:48:39.385,-1.13,0.84,10.57,-0.04,-0.07,-0.31,plattenweg,normal
14:48:39.489,-0.08,-0.36,11.15,0.0,-0.12,-0.28,plattenweg,normal
14:48:39.604,-1.65,0.63,10.68,0.01,-0.14,-0.3,plattenweg,normal
14:48:39.714,0.65,0.5,9.42,0.01,-0.24,-0.29,plattenweg,normal
14:48:39.830,-0.64,0.06,10.6,-0.0,-0.15,-0.21,plattenweg,normal
14:48:39.934,1.06,0.55,9.75,0.04,-0.45,-0.11,plattenweg,normal
14:48:40.048,-1.82,0.03,9.96,-0.02,-0.03,-0.04,plattenweg,normal
14:48:40.154,-1.38,0.28,10.41,0.01,-0.32,-0.03,plattenweg,normal
14:48:40.261,1.88,-0.46,13.47,-0.07,-0.3,-0.0,plattenweg,normal
14:48:40.375,-1.02,-1.12,8.55,-0.05,-0.16,0.07,plattenweg,normal
14:48:40.482,0.63,-0.09,11.67,-0.04,-0.17,0.13,plattenweg,normal
14:48:40.595,-0.56,0.34,10.62,-0.09,-0.17,0.18,plattenweg,normal
14:48:40.702,-2.78,-2.18,10.32,-0.04,-0.1,0.23,plattenweg,normal
14:48:40.809,-0.24,-0.31,10.16,0.01,-0.09,0.25,plattenweg,normal
14:48:40.923,7.86,3.64,8.2,0.03,-0.34,0.34,plattenweg,normal
14:48:41.034,-10.16,4.25,14.17,-0.07,1.0,0.8,plattenweg,normal
14:48:41.147,2.21,0.03,9.31,0.03,-0.95,0.36,plattenweg,normal
14:48:41.257,-1.82,2.57,10.97,0.18,-0.24,0.55,plattenweg,normal
14:48:41.368,0.47,2.1,11.16,-0.08,-0.15,0.54,plattenweg,normal
14:48:41.480,-0.81,-2.62,6.86,0.16,-0.03,0.56,plattenweg,normal
14:48:41.591,-0.81,2.23,11.9,0.01,-0.02,0.51,plattenweg,normal
14:48:41.699,-0.78,-4.47,8.29,0.13,-0.0,0.5,plattenweg,normal
14:48:41.803,2.2,5.64,13.34,0.03,0.2,0.59,plattenweg,normal
14:48:41.917,-1.38,-3.21,8.47,0.05,0.24,0.56,plattenweg,normal
14:48:42.023,1.66,6.75,12.18,0.1,0.31,0.54,plattenweg,normal
14:48:42.137,-1.47,-2.41,10.37,-0.0,0.15,0.36,plattenweg,normal
14:48:42.247,0.88,-0.88,10.32,0.05,0.27,0.34,plattenweg,normal
14:48:42.352,-2.72,-3.84,10.24,0.1,0.31,0.22,plattenweg,normal
14:48:42.459,0.39,-1.98,11.09,0.03,0.31,0.24,plattenweg,normal
14:48:42.573,0.76,-0.97,9.62,0.13,0.22,0.26,plattenweg,normal
14:48:42.680,-1.07,2.3,11.09,-0.02,0.23,0.26,plattenweg,normal
14:48:42.795,1.01,-0.6,8.33,0.04,0.03,0.39,plattenweg,normal
14:48:42.902,-3.8,1.99,10.29,0.02,0.63,0.43,plattenweg,normal
14:48:43.014,-3.83,2.21,9.63,0.09,-0.03,0.24,plattenweg,normal
14:48:43.115,-0.45,1.9,12.49,-0.03,0.21,0.14,plattenweg,normal
14:48:43.229,-0.88,0.24,10.78,0.1,-0.11,0.02,plattenweg,normal
14:48:43.334,-2.13,1.58,10.14,0.01,0.29,0.06,plattenweg,normal
14:48:43.445,-0.38,0.14,11.18,-0.01,0.13,0.03,plattenweg,normal
14:48:43.554,-1.56,-0.65,11.96,-0.02,-0.01,0.04,plattenweg,normal
14:48:43.661,-2.75,0.49,11.14,-0.02,-0.04,0.01,plattenweg,normal
14:48:43.773,-1.33,-3.28,11.48,-0.11,-0.05,0.02,plattenweg,normal
14:48:43.881,0.32,-1.24,10.48,0.06,-0.08,0.01,plattenweg,normal
14:48:43.990,1.45,-1.25,10.56,-0.1,0.05,-0.0,plattenweg,normal
14:48:44.110,-0.84,-0.52,6.9,-0.02,0.05,-0.02,plattenweg,normal
14:48:44.213,-1.99,1.25,9.81,0.01,0.07,-0.05,plattenweg,normal
14:48:44.325,-1.02,2.05,8.23,0.02,0.06,-0.04,plattenweg,normal
14:48:44.431,-0.8,3.53,10.93,0.04,-0.0,0.04,plattenweg,normal
14:48:44.545,0.11,1.92,9.61,0.01,0.0,0.14,plattenweg,normal
14:48:44.651,-2.37,3.17,12.06,0.06,-0.03,0.16,plattenweg,normal
14:48:44.764,-1.49,0.07,10.98,0.0,-0.05,0.09,plattenweg,normal
14:48:44.870,-0.41,0.74,11.05,-0.0,-0.06,0.02,plattenweg,normal
14:48:44.978,1.7,-1.1,11.12,0.03,-0.01,0.04,plattenweg,normal
14:48:45.093,0.89,1.56,12.27,0.0,0.0,0.09,plattenweg,normal
14:48:45.198,0.98,0.41,11.64,-0.04,0.01,0.17,plattenweg,normal
14:48:45.309,2.0,1.71,10.5,-0.04,0.07,0.18,plattenweg,normal
14:48:45.411,-0.71,0.05,8.4,-0.04,0.06,0.2,plattenweg,normal
14:48:45.517,2.66,-0.29,11.09,-0.03,0.3,0.2,plattenweg,normal
14:48:45.630,-0.8,-1.81,8.6,0.03,0.0,0.22,plattenweg,normal
14:48:45.735,-2.82,0.6,10.85,-0.03,0.49,0.23,plattenweg,normal
14:48:45.843,3.42,-0.93,10.98,0.03,0.12,0.26,plattenweg,normal
14:48:45.958,0.38,1.28,10.46,0.0,0.35,0.39,plattenweg,normal
14:48:46.080,-0.42,-1.37,7.74,0.04,0.46,0.44,plattenweg,normal
14:48:46.196,-1.01,1.99,12.1,0.06,0.41,0.45,plattenweg,normal
14:48:46.302,-2.11,1.66,9.73,0.02,0.31,0.35,plattenweg,normal
14:48:46.411,-2.69,2.36,10.07,0.04,0.47,0.39,plattenweg,normal
14:48:46.515,-3.16,4.03,10.57,0.03,0.39,0.26,plattenweg,normal
14:48:46.630,-2.43,4.2,10.49,-0.02,0.35,0.17,plattenweg,normal
14:48:46.736,-4.81,2.01,9.28,-0.06,0.23,-0.0,plattenweg,normal
14:48:46.850,-4.85,0.59,9.62,0.04,0.21,-0.15,plattenweg,normal
14:48:46.956,-2.65,0.67,10.78,-0.0,0.11,-0.3,plattenweg,normal
14:48:47.068,-1.69,-3.4,10.56,-0.03,0.03,-0.36,plattenweg,normal
14:48:47.177,-0.44,-0.77,11.65,0.08,-0.11,-0.43,plattenweg,normal
14:48:47.291,-0.73,-1.75,9.72,0.03,-0.06,-0.42,plattenweg,normal
14:48:47.394,-1.07,-0.44,10.11,0.09,-0.13,-0.4,plattenweg,normal
14:48:47.510,-0.53,1.72,10.14,0.02,-0.14,-0.4,plattenweg,normal
14:48:47.616,-0.76,-0.85,10.22,-0.03,-0.17,-0.34,plattenweg,normal
14:48:47.738,0.34,0.5,10.02,0.07,-0.16,-0.32,plattenweg,normal
14:48:47.847,2.86,1.59,10.01,0.03,-0.53,-0.29,plattenweg,normal
14:48:47.959,0.86,1.89,9.23,0.1,0.03,-0.23,plattenweg,normal
14:48:48.073,2.45,4.24,11.98,0.1,-0.41,-0.16,plattenweg,normal
14:48:48.179,-3.98,2.54,9.07,0.01,0.22,-0.16,plattenweg,normal
14:48:48.291,3.41,1.24,12.33,0.09,-0.09,-0.15,plattenweg,normal
14:48:48.403,2.14,-0.99,11.78,0.02,-0.06,-0.08,plattenweg,normal
14:48:48.511,0.97,-2.75,10.23,-0.01,0.13,0.04,plattenweg,normal
14:48:48.623,-1.06,-3.66,10.55,-0.07,0.14,0.12,plattenweg,normal
14:48:48.729,-1.07,-0.11,9.97,-0.04,-0.0,0.13,plattenweg,normal
14:48:48.844,-0.23,-1.54,8.27,-0.01,0.1,0.18,plattenweg,normal
14:48:48.950,0.27,2.16,10.51,-0.01,0.14,0.24,plattenweg,normal
14:48:49.058,-0.72,-1.82,9.87,-0.07,0.18,0.27,plattenweg,normal
14:48:49.171,-0.38,0.47,11.85,0.04,0.17,0.3,plattenweg,normal
14:48:49.289,-1.89,-0.25,9.58,0.02,0.14,0.26,plattenweg,normal
14:48:49.401,-0.47,2.02,11.41,0.03,0.16,0.29,plattenweg,normal
14:48:49.510,-2.19,2.32,10.18,-0.01,0.22,0.28,plattenweg,normal
14:48:49.625,-2.72,3.2,10.78,-0.02,0.17,0.23,plattenweg,normal
14:48:49.730,-3.15,1.05,10.1,-0.07,0.09,0.11,plattenweg,normal
14:48:49.845,-2.61,0.61,9.02,0.06,0.05,-0.01,plattenweg,normal
14:48:49.954,-1.85,0.17,11.12,-0.09,0.02,-0.13,plattenweg,normal
14:48:50.060,0.67,-2.28,8.08,-0.09,-0.03,-0.19,plattenweg,normal
14:48:50.176,3.11,-0.35,11.69,-0.11,-0.31,-0.07,plattenweg,normal
14:48:50.284,-7.1,0.78,8.52,-0.15,0.19,-0.06,plattenweg,normal
14:48:50.389,1.89,0.27,13.76,-0.31,-0.11,-0.05,plattenweg,normal
14:48:50.506,-4.71,0.28,9.02,-0.27,-0.22,-0.12,plattenweg,normal
14:48:50.610,-0.68,-2.83,9.71,-0.22,0.05,-0.18,plattenweg,normal
14:48:50.723,3.55,2.61,12.44,-0.16,-0.07,-0.14,plattenweg,normal
14:48:50.828,2.76,0.72,9.33,-0.33,-0.06,-0.07,plattenweg,normal
14:48:50.937,0.11,3.0,12.01,-0.15,0.03,0.08,plattenweg,normal
14:48:51.053,-1.44,-0.27,11.12,-0.29,-0.02,0.06,plattenweg,normal
14:48:51.158,-2.11,0.51,8.26,-0.16,0.02,0.05,plattenweg,normal
14:48:51.275,0.11,-2.48,8.8,-0.12,0.02,-0.04,plattenweg,normal
14:48:51.381,0.63,-0.5,8.54,-0.01,0.1,-0.06,plattenweg,normal
14:48:51.495,1.01,-4.3,7.28,-0.06,0.14,-0.02,plattenweg,normal
14:48:51.596,2.04,-0.07,6.26,0.28,0.04,0.08,plattenweg,normal
14:48:51.710,0.26,2.2,15.63,0.18,0.21,0.24,plattenweg,normal
14:48:51.823,0.19,-2.01,12.19,0.08,0.15,0.36,plattenweg,normal
14:48:51.936,-0.64,-1.6,10.66,0.27,0.22,0.51,plattenweg,normal
14:48:52.045,-5.14,-2.02,9.36,0.26,0.21,0.35,plattenweg,normal
14:48:52.156,-1.65,2.9,13.99,0.26,0.29,0.33,plattenweg,normal
14:48:52.266,-0.23,1.98,9.67,0.2,0.2,0.27,plattenweg,normal
14:48:52.373,-3.27,3.91,10.37,0.21,0.16,0.29,plattenweg,normal
14:48:52.480,-3.16,5.29,12.44,0.2,0.77,0.24,plattenweg,normal
14:48:52.590,2.05,0.54,13.66,0.2,-0.52,0.04,plattenweg,normal
14:48:52.703,-11.49,2.44,12.33,0.16,0.62,-0.01,plattenweg,normal
14:48:52.810,1.74,-4.22,12.06,-0.0,0.38,-0.22,plattenweg,normal
14:48:52.924,-0.95,-1.55,10.13,0.21,-0.1,-0.28,plattenweg,normal
14:48:53.034,-4.43,-0.53,14.16,-0.01,0.1,-0.36,plattenweg,normal
14:48:53.148,-0.97,-1.69,8.91,0.06,0.12,-0.28,plattenweg,normal
14:48:53.282,-1.45,-1.43,11.85,0.09,-0.04,-0.3,plattenweg,normal
14:48:53.391,-0.42,1.1,9.93,0.17,-0.06,-0.31,plattenweg,normal
14:48:53.502,-0.23,2.23,12.29,0.12,-0.16,-0.44,plattenweg,normal
14:48:53.607,0.59,3.35,11.34,0.05,0.01,-0.44,plattenweg,normal
14:48:53.721,-0.18,1.25,10.46,0.09,-0.06,-0.5,plattenweg,normal
14:48:53.827,0.08,3.46,10.83,0.02,-0.06,-0.5,plattenweg,normal
14:48:53.934,1.56,-2.48,10.54,0.01,-0.15,-0.48,plattenweg,normal
14:48:54.050,4.57,-3.42,9.74,0.08,-0.03,-0.3,plattenweg,normal
14:48:54.157,2.15,-2.63,11.16,0.08,0.05,-0.16,plattenweg,normal
14:48:54.274,0.64,-1.76,9.54,-0.01,0.02,-0.04,plattenweg,normal
14:48:54.380,-0.92,-2.03,12.04,-0.0,0.14,0.04,plattenweg,normal
14:48:54.492,5.96,-0.15,12.05,0.01,-0.13,0.14,plattenweg,normal
14:48:54.603,-4.1,-1.93,6.14,-0.01,-0.21,0.15,plattenweg,normal
14:48:54.713,-3.51,2.93,10.49,-0.06,0.55,0.27,plattenweg,normal
14:48:54.819,-1.25,3.05,9.72,-0.04,-0.39,0.17,plattenweg,normal
14:48:54.925,-5.01,5.2,8.31,0.05,0.01,0.08,plattenweg,normal
14:48:55.031,0.4,2.56,10.54,-0.0,0.04,-0.04,plattenweg,normal
14:48:55.145,-2.34,3.46,13.84,-0.03,-0.05,-0.13,plattenweg,normal
14:48:55.258,0.11,-5.32,9.73,-0.18,0.06,-0.12,plattenweg,normal
14:48:55.365,0.09,-2.36,11.74,-0.08,-0.14,-0.06,plattenweg,normal
14:48:55.480,-2.25,-6.51,10.43,-0.15,0.1,0.04,plattenweg,normal
14:48:55.585,-0.99,0.17,11.73,-0.05,-0.06,0.06,plattenweg,normal
14:48:55.700,-2.43,-1.07,6.56,-0.01,-0.13,-0.07,plattenweg,normal
14:48:55.805,-0.26,3.24,7.05,0.12,0.02,-0.04,plattenweg,normal
14:48:55.911,-0.27,2.7,11.58,0.18,-0.13,-0.1,plattenweg,normal
14:48:56.027,-1.17,3.02,13.31,0.11,0.03,-0.03,plattenweg,normal
14:48:56.134,1.62,0.85,8.11,0.28,-0.09,0.0,plattenweg,normal
14:48:56.252,0.44,5.12,10.24,0.36,0.1,0.09,plattenweg,normal
14:48:56.358,0.46,5.01,10.73,0.3,-0.02,0.12,plattenweg,normal
14:48:56.473,-5.96,2.67,11.19,0.3,0.15,0.05,plattenweg,normal
14:48:56.582,-2.57,-1.99,12.7,0.2,0.55,-0.06,plattenweg,normal
14:48:56.686,5.05,-4.75,14.49,0.32,-0.73,-0.2,plattenweg,normal
14:48:56.798,-5.71,-3.58,9.1,0.24,-0.17,-0.23,plattenweg,normal
14:48:56.911,2.75,-2.59,12.54,0.17,0.45,-0.19,plattenweg,normal
14:48:57.040,5.34,-4.94,12.72,0.18,0.05,-0.03,plattenweg,normal
14:48:57.166,-4.03,1.34,13.79,0.06,0.17,0.05,plattenweg,normal
14:48:57.276,0.0,-0.32,9.45,-0.1,-0.07,0.07,plattenweg,normal
14:48:57.385,-2.56,4.74,9.36,-0.03,0.14,0.18,plattenweg,normal
14:48:57.486,-3.22,4.18,10.68,-0.15,0.08,0.1,plattenweg,normal
14:48:57.591,-1.33,4.47,8.21,-0.01,-0.06,-0.03,plattenweg,normal
14:48:57.694,-3.2,2.42,12.88,-0.14,-0.05,-0.15,plattenweg,normal
14:48:57.798,0.3,-2.25,10.06,-0.18,0.0,-0.17,plattenweg,normal
14:48:57.902,0.38,-2.72,11.88,-0.13,0.04,-0.06,plattenweg,normal
14:48:58.003,-0.28,-2.78,10.62,-0.35,-0.04,0.03,plattenweg,normal
14:48:58.107,-2.27,-3.11,10.38,-0.32,0.09,0.11,plattenweg,normal
14:48:58.211,-2.55,-1.5,8.74,-0.18,-0.12,0.02,plattenweg,normal
14:48:58.338,0.06,0.87,5.88,-0.22,-0.17,-0.05,plattenweg,normal
14:48:58.494,-1.04,2.75,7.25,-0.05,0.25,0.1,plattenweg,normal
14:48:58.629,3.76,0.23,11.82,-0.18,-0.0,0.1,plattenweg,normal
14:48:58.742,-2.19,5.9,8.23,0.08,-0.24,0.16,plattenweg,normal
14:48:58.844,-3.53,2.9,12.43,-0.22,0.38,0.09,plattenweg,normal
14:48:58.949,1.07,4.33,10.76,-0.07,-0.23,0.01,plattenweg,normal
14:48:59.054,-2.09,0.03,9.32,-0.19,0.01,-0.09,plattenweg,normal
14:48:59.156,0.75,-2.37,6.06,0.0,0.11,-0.09,plattenweg,normal
14:48:59.258,-0.7,0.84,14.8,0.13,0.04,-0.17,plattenweg,normal
14:48:59.361,-1.48,-4.35,9.68,-0.17,0.14,-0.23,plattenweg,normal
14:48:59.465,2.75,-0.85,10.69,0.09,-0.09,-0.19,plattenweg,normal
14:48:59.569,-2.01,-1.5,9.3,-0.03,0.1,-0.11,plattenweg,normal
14:48:59.671,1.74,1.52,10.46,-0.07,0.07,0.02,plattenweg,normal
14:48:59.777,-0.48,-1.92,8.0,-0.01,0.14,0.07,plattenweg,normal
14:48:59.883,-0.4,3.6,10.08,0.03,0.03,0.06,plattenweg,normal
14:48:59.984,0.64,0.5,7.32,0.06,0.11,0.06,plattenweg,normal
14:49:00.091,-1.98,4.34,12.66,0.09,0.16,0.08,plattenweg,normal
14:49:00.203,0.98,-0.47,12.4,-0.04,0.17,0.12,plattenweg,normal
14:49:00.323,-2.09,3.7,10.1,-0.04,0.16,0.2,plattenweg,normal
14:49:00.428,-0.51,-2.72,10.08,-0.01,0.06,0.21,plattenweg,normal
14:49:00.546,-1.84,4.41,10.3,0.02,-0.43,0.19,plattenweg,normal
14:49:00.652,-8.77,-5.55,7.53,-0.05,0.72,0.21,plattenweg,normal
14:49:00.752,4.99,4.04,20.43,0.04,-0.76,-0.06,plattenweg,normal
14:49:00.859,-7.85,-5.07,5.75,-0.1,-0.21,-0.1,plattenweg,normal
14:49:00.972,0.33,1.94,9.72,0.06,0.26,-0.15,plattenweg,normal
14:49:01.079,1.74,-1.61,10.16,-0.01,-0.09,-0.16,plattenweg,normal
14:49:01.186,-1.95,0.57,9.21,0.01,-0.02,-0.09,plattenweg,normal
14:49:01.299,-1.68,0.13,8.3,0.05,0.02,-0.07,plattenweg,normal
14:49:01.406,0.34,1.02,9.1,0.05,-0.07,-0.05,plattenweg,normal
14:49:01.513,-0.3,3.12,11.76,0.03,-0.07,-0.11,plattenweg,normal
14:49:01.621,1.76,-1.23,9.24,-0.03,0.02,-0.04,plattenweg,normal
14:49:01.726,-1.09,2.47,11.38,0.08,0.06,-0.0,plattenweg,normal
14:49:01.865,0.45,-1.33,10.53,-0.02,0.01,0.0,plattenweg,normal
14:49:01.984,-2.4,1.99,11.26,0.13,-0.04,-0.02,plattenweg,normal
14:49:02.097,0.22,-0.84,10.71,-0.02,-0.04,-0.11,plattenweg,normal
14:49:02.206,-0.71,-2.08,9.35,-0.0,-0.01,-0.13,plattenweg,normal
14:49:02.309,0.14,-0.45,11.47,0.05,0.06,-0.05,plattenweg,normal
14:49:02.416,0.07,-3.45,9.82,-0.09,0.18,-0.01,plattenweg,normal
14:49:02.526,9.26,-0.37,10.85,0.05,-0.34,0.15,plattenweg,normal
14:49:02.636,-5.48,-4.15,4.73,0.01,0.11,0.24,plattenweg,normal
14:49:02.742,-2.99,-0.68,11.23,0.08,0.79,0.22,plattenweg,normal
14:49:02.861,-5.15,1.8,13.26,0.04,0.05,0.09,plattenweg,normal
14:49:02.964,3.68,4.81,16.2,0.03,-0.3,-0.02,plattenweg,normal
14:49:03.072,3.35,0.9,8.36,-0.06,0.27,0.31,plattenweg,normal
14:49:03.177,-5.77,4.39,8.02,0.01,0.03,0.27,plattenweg,normal
14:49:03.281,-4.69,-0.91,7.79,-0.03,0.21,0.12,plattenweg,normal
14:49:03.382,-2.68,0.89,11.89,0.08,0.09,-0.04,plattenweg,normal
14:49:03.486,0.22,-0.38,11.47,0.0,-0.08,-0.16,plattenweg,normal
14:49:03.594,0.63,-1.2,10.06,-0.05,0.06,-0.1,plattenweg,normal
14:49:03.700,-2.92,-2.24,10.02,-0.07,0.02,-0.16,plattenweg,normal
14:49:03.803,-2.62,-2.88,12.55,-0.02,0.07,-0.12,plattenweg,normal
14:49:03.913,-0.36,-1.32,11.95,0.06,0.03,-0.19,plattenweg,normal
14:49:04.032,4.23,-1.02,11.18,0.06,-0.48,-0.2,plattenweg,normal
14:49:04.133,-2.34,0.47,7.51,0.04,-0.14,-0.13,plattenweg,normal
14:49:04.239,-0.45,0.57,9.35,0.03,-0.14,-0.09,plattenweg,normal
14:49:04.343,-4.35,-0.2,9.9,0.02,-0.06,-0.01,plattenweg,normal
14:49:04.449,2.87,1.37,11.54,0.01,0.12,-0.04,plattenweg,normal
14:49:04.552,3.42,0.05,9.56,0.1,-0.91,-0.04,plattenweg,normal
14:49:04.660,-9.75,3.85,10.67,0.08,0.47,0.01,plattenweg,normal
14:49:04.761,4.82,0.1,14.64,0.14,-0.19,-0.13,plattenweg,normal
14:49:04.869,0.93,2.43,11.75,0.07,-0.36,-0.13,plattenweg,normal
14:49:04.978,-1.12,-0.54,9.75,-0.07,0.16,0.01,plattenweg,normal
14:49:05.084,1.21,0.27,8.51,-0.05,0.01,0.03,plattenweg,normal
14:49:05.186,-0.09,-1.06,9.55,-0.08,-0.03,0.01,plattenweg,normal
14:49:05.293,-0.15,-2.12,10.68,-0.08,0.03,0.01,plattenweg,normal
14:49:05.402,0.53,-1.74,10.82,-0.03,-0.01,-0.03,plattenweg,normal
14:49:05.508,0.45,-0.59,10.16,0.03,0.04,0.03,plattenweg,normal
14:49:05.615,0.27,-2.19,13.39,-0.08,0.01,0.11,plattenweg,normal
14:49:05.721,-0.82,-0.32,13.84,-0.13,0.11,0.21,plattenweg,normal
14:49:05.825,1.3,-3.97,9.17,-0.07,0.06,0.24,plattenweg,normal
14:49:05.934,-0.59,1.08,9.47,-0.08,0.09,0.24,plattenweg,normal
14:49:06.043,-0.77,0.05,8.2,0.09,0.07,0.28,plattenweg,normal
14:49:06.146,-0.45,5.4,9.85,0.11,0.06,0.29,plattenweg,normal
14:49:06.264,1.04,1.98,9.01,0.07,-0.35,0.3,plattenweg,normal
14:49:06.375,-7.44,1.49,10.95,0.05,0.58,0.37,plattenweg,normal
14:49:06.480,0.69,0.98,15.35,0.06,0.1,0.19,plattenweg,normal
14:49:06.582,-2.84,-1.57,7.18,0.16,-0.56,0.01,plattenweg,normal
14:49:06.689,-3.29,1.41,9.68,0.02,0.56,0.1,plattenweg,normal
14:49:06.791,4.15,-3.91,10.2,0.03,0.26,0.19,plattenweg,normal
14:49:06.897,-0.45,-0.2,11.76,0.01,0.17,0.28,plattenweg,normal
14:49:07.004,-1.8,-2.25,10.17,-0.01,0.17,0.3,plattenweg,normal
14:49:07.108,-2.67,-0.7,10.05,0.01,0.31,0.32,plattenweg,normal
14:49:07.215,-2.61,-1.0,10.0,0.01,0.16,0.19,plattenweg,normal
14:49:07.325,-1.24,1.13,12.46,0.04,0.2,0.17,plattenweg,normal
14:49:07.473,-1.32,1.19,11.59,-0.07,0.16,0.14,plattenweg,normal
14:49:07.579,-1.53,0.82,11.37,-0.08,0.15,0.08,plattenweg,normal
14:49:07.680,-2.19,0.65,10.41,-0.11,0.15,-0.01,plattenweg,normal
14:49:07.784,0.65,-0.39,9.28,-0.02,0.05,-0.06,plattenweg,normal
14:49:07.888,-2.31,0.68,10.4,0.03,0.14,-0.17,plattenweg,normal
14:49:07.991,0.47,1.14,11.4,-0.01,0.07,-0.23,plattenweg,normal
14:49:08.095,-0.51,-2.4,10.78,0.03,0.08,-0.31,plattenweg,normal
14:49:08.199,7.45,0.19,12.54,0.1,-0.42,-0.31,plattenweg,normal
14:49:08.307,-6.16,0.4,5.9,0.03,-0.05,-0.33,plattenweg,normal
14:49:08.408,-0.34,-0.33,9.02,0.02,0.88,-0.31,plattenweg,normal
14:49:08.518,4.04,-0.76,12.95,0.03,-0.52,-0.41,plattenweg,normal
14:49:08.626,-0.55,-1.86,7.63,-0.03,-0.2,-0.32,plattenweg,normal
14:49:08.731,0.66,0.96,11.74,0.2,0.18,-0.11,plattenweg,normal
14:49:08.832,0.45,0.4,13.29,-0.11,0.06,-0.07,plattenweg,normal
14:49:08.941,3.78,-2.29,10.03,0.01,-0.1,0.1,plattenweg,normal
14:49:09.043,-3.21,-0.59,13.61,0.0,0.15,0.16,plattenweg,normal
14:49:09.147,-0.07,0.91,12.17,-0.16,-0.01,0.12,plattenweg,normal
14:49:09.253,0.04,-2.26,9.99,-0.12,0.1,0.22,plattenweg,normal
14:49:09.359,-1.59,-1.94,8.02,-0.04,0.15,0.25,plattenweg,normal
14:49:09.469,-0.73,5.71,9.59,0.13,0.1,0.25,plattenweg,normal
14:49:09.581,-3.61,0.97,10.61,-0.11,0.11,0.17,plattenweg,normal
14:49:09.694,-0.1,1.42,10.03,0.04,0.14,0.15,plattenweg,normal
14:49:09.802,-1.55,0.5,11.52,-0.03,0.08,0.05,plattenweg,normal
14:49:10.003,-0.09,0.61,9.99,0.0,-0.22,-0.03,plattenweg,normal
14:49:10.158,0.67,-1.11,9.0,-0.02,-0.37,0.02,plattenweg,normal
14:49:10.270,-5.71,-0.71,4.92,0.0,0.66,0.05,plattenweg,normal
14:49:10.375,6.11,-0.59,16.8,-0.04,0.06,0.12,plattenweg,normal
14:49:10.482,-7.6,-1.87,9.51,0.16,-0.45,0.07,plattenweg,normal
14:49:10.598,-3.23,0.2,13.02,-0.03,0.51,-0.04,plattenweg,normal
14:49:10.706,3.03,-2.5,9.84,0.16,-0.2,-0.05,plattenweg,normal
14:49:10.820,-3.22,3.16,11.65,-0.02,-0.08,-0.07,plattenweg,normal
14:49:10.929,-1.72,-1.19,7.89,-0.01,0.15,-0.04,plattenweg,normal
14:49:11.036,-1.81,3.57,9.59,0.01,-0.02,-0.15,plattenweg,normal
14:49:11.146,-1.11,-0.27,8.85,-0.04,-0.05,-0.26,plattenweg,normal
14:49:11.258,-0.86,2.23,9.61,0.01,0.01,-0.32,plattenweg,normal
14:49:11.368,1.18,-2.47,9.97,0.0,-0.05,-0.36,plattenweg,normal
14:49:11.470,0.32,2.39,14.51,0.11,-0.12,-0.37,plattenweg,normal
14:49:11.583,-0.37,-1.1,12.49,-0.08,0.0,-0.35,plattenweg,normal
14:49:11.689,4.15,-1.09,9.35,-0.17,-0.04,-0.22,plattenweg,normal
14:49:11.801,1.92,-3.19,8.05,-0.02,-0.12,-0.15,plattenweg,normal
14:49:11.910,-0.6,-0.04,10.06,-0.21,-0.11,-0.05,plattenweg,normal
14:49:12.018,-0.93,-4.14,6.21,0.04,0.04,0.07,plattenweg,normal
14:49:12.123,3.72,3.57,12.57,0.09,-0.14,0.07,plattenweg,normal
14:49:12.238,0.62,-3.41,4.85,0.2,-0.44,0.12,plattenweg,normal
14:49:12.344,-5.72,7.08,14.18,0.01,0.81,0.23,plattenweg,normal
14:49:12.457,3.78,-4.93,10.27,0.0,0.02,0.13,plattenweg,normal
14:49:12.560,-0.47,4.54,13.16,-0.05,0.02,0.17,plattenweg,normal
14:49:12.669,-4.33,-1.54,6.83,-0.08,0.02,0.12,plattenweg,normal
14:49:12.771,0.82,2.4,9.56,0.05,0.26,0.21,plattenweg,normal
14:49:12.907,-2.68,-0.29,10.5,0.13,0.02,0.14,plattenweg,normal
14:49:13.018,-0.32,1.44,15.91,-0.01,-0.06,0.13,plattenweg,normal
14:49:13.122,-2.18,0.76,12.45,-0.02,-0.04,0.1,plattenweg,normal
14:49:13.226,-0.74,-1.42,10.21,-0.12,0.01,0.08,plattenweg,normal
14:49:13.336,-1.29,-3.57,8.94,-0.03,0.1,0.15,plattenweg,normal
14:49:13.444,-1.03,0.53,11.04,0.03,-0.05,0.12,plattenweg,normal
14:49:13.555,0.66,-1.61,5.94,0.06,0.03,0.18,plattenweg,normal
14:49:13.662,-1.79,2.1,9.01,0.09,0.09,0.18,plattenweg,normal
14:49:13.776,-3.92,1.24,12.51,0.03,0.06,0.15,plattenweg,normal
14:49:13.890,-2.0,-1.26,10.69,0.03,0.02,0.04,plattenweg,normal
14:49:13.999,5.71,-0.42,12.13,0.05,-0.26,0.07,plattenweg,normal
14:49:14.106,-3.34,0.87,6.08,0.08,-0.45,0.01,plattenweg,normal
14:49:14.217,-5.66,0.7,9.84,0.07,0.93,-0.01,plattenweg,normal
14:49:14.328,4.92,-1.47,15.96,0.11,-0.32,-0.2,plattenweg,normal
14:49:14.436,-0.2,3.37,10.88,0.15,-0.25,-0.21,plattenweg,normal
14:49:14.548,-0.91,-0.85,9.9,-0.03,0.28,-0.11,plattenweg,normal
14:49:14.653,2.94,1.06,10.03,0.02,0.21,0.02,plattenweg,normal
14:49:14.767,1.27,-1.83,8.84,-0.05,0.16,0.1,plattenweg,normal
14:49:14.873,-0.32,0.04,9.86,-0.02,0.17,0.15,plattenweg,normal
14:49:14.976,-0.01,-2.57,7.32,-0.02,0.29,0.14,plattenweg,normal
14:49:15.088,-1.84,-0.23,9.78,0.06,0.3,0.16,plattenweg,normal
14:49:15.195,-0.85,0.32,14.11,-0.1,0.33,0.18,plattenweg,normal
14:49:15.303,0.74,-1.9,11.48,-0.13,0.4,0.26,plattenweg,normal
14:49:15.421,1.02,-1.44,10.39,-0.13,0.43,0.3,plattenweg,normal
14:49:15.529,-2.82,-0.7,7.84,-0.05,0.22,0.21,plattenweg,normal
14:49:15.641,-3.1,0.13,9.41,-0.05,0.27,0.16,plattenweg,normal
14:49:15.753,-3.92,3.25,8.01,0.09,0.33,0.09,plattenweg,normal
14:49:15.858,3.93,2.12,13.25,-0.11,0.3,0.08,plattenweg,normal
14:49:15.973,-4.25,4.03,8.69,0.11,-0.42,-0.04,plattenweg,normal
14:49:16.087,-10.19,0.54,9.49,-0.17,0.98,-0.07,plattenweg,normal
14:49:16.192,3.01,-0.36,9.33,0.11,-0.29,-0.4,plattenweg,normal
14:49:16.306,-0.28,-0.22,11.15,-0.02,-0.13,-0.39,plattenweg,normal
14:49:16.413,-0.96,-0.32,9.69,0.14,-0.13,-0.37,plattenweg,normal
14:49:16.521,0.44,-1.86,11.57,-0.02,0.03,-0.34,plattenweg,normal
14:49:16.628,1.41,0.01,11.13,0.02,-0.1,-0.24,plattenweg,normal
14:49:16.740,-1.8,-3.79,9.0,0.06,-0.1,-0.24,plattenweg,normal
14:49:16.855,-2.46,2.43,13.12,0.12,-0.16,-0.28,plattenweg,normal
14:49:16.963,0.64,-1.19,8.72,0.01,-0.26,-0.29,plattenweg,normal
14:49:17.069,-0.7,-0.04,10.16,0.14,-0.16,-0.16,plattenweg,normal
14:49:17.185,-1.29,0.86,10.43,0.07,-0.1,-0.22,plattenweg,normal
14:49:17.287,0.76,1.26,12.48,0.13,-0.31,-0.24,plattenweg,normal
14:49:17.402,-0.15,1.54,11.33,0.03,-0.3,-0.26,plattenweg,normal
14:49:17.510,0.76,-1.73,8.09,0.07,-0.32,-0.23,plattenweg,normal
14:49:17.622,-1.91,3.05,13.58,-0.03,-0.13,-0.21,plattenweg,normal
14:49:17.733,8.49,-3.83,12.37,-0.05,-0.31,-0.09,plattenweg,normal
14:49:17.844,3.53,1.32,11.67,0.01,-1.01,-0.06,plattenweg,normal
14:49:17.952,-8.41,-2.73,5.25,-0.05,0.55,0.09,plattenweg,normal
14:49:18.065,5.34,1.17,15.11,-0.1,0.28,0.11,plattenweg,normal
14:49:18.171,1.83,-2.82,9.32,-0.01,-0.42,0.12,plattenweg,normal
14:49:18.281,-2.38,-0.04,9.12,-0.04,0.15,0.25,plattenweg,normal
14:49:18.385,1.12,-1.19,8.73,-0.01,0.06,0.27,plattenweg,normal
14:49:18.495,0.44,1.43,7.91,0.11,0.25,0.38,plattenweg,normal
14:49:18.606,-0.94,-0.86,11.2,0.03,0.36,0.41,plattenweg,normal
14:49:18.715,-1.4,-0.29,11.3,0.07,0.21,0.42,plattenweg,normal
14:49:18.825,-1.95,3.61,12.88,0.0,0.3,0.44,plattenweg,normal
14:49:18.937,-0.62,0.16,8.8,-0.03,0.18,0.42,plattenweg,normal
14:49:19.044,-2.51,3.21,12.35,0.02,0.31,0.48,plattenweg,normal
14:49:19.158,-4.1,3.55,9.52,0.01,0.21,0.31,plattenweg,normal
14:49:19.266,-2.69,-0.59,11.2,-0.16,0.27,0.19,plattenweg,normal
14:49:19.379,-3.32,-2.37,8.49,0.13,0.13,0.06,plattenweg,normal
14:49:19.500,-4.51,1.95,11.68,-0.07,0.22,-0.07,plattenweg,normal
14:49:19.606,3.98,-7.01,9.43,-0.06,0.29,-0.08,plattenweg,normal
14:49:19.711,2.49,4.63,13.63,0.05,-0.81,-0.13,plattenweg,normal
14:49:19.817,-10.98,-4.22,2.62,-0.12,0.82,-0.02,plattenweg,normal
14:49:19.931,0.97,1.55,15.74,0.03,0.4,-0.15,plattenweg,normal
14:49:20.047,0.23,-4.24,8.09,0.08,-0.55,-0.35,plattenweg,normal
14:49:20.160,-2.54,2.52,8.85,0.16,-0.11,-0.33,plattenweg,normal
14:49:20.267,2.66,-2.35,12.53,0.04,-0.11,-0.3,plattenweg,normal
14:49:20.376,-3.23,3.55,11.88,0.08,-0.14,-0.28,plattenweg,normal
14:49:20.491,1.91,-0.52,9.84,-0.09,-0.07,-0.27,plattenweg,normal
14:49:20.597,0.74,1.09,9.71,0.06,0.0,-0.13,plattenweg,normal
14:49:20.713,1.3,1.63,11.36,0.02,-0.05,-0.13,plattenweg,normal
14:49:20.818,2.16,2.94,10.51,-0.02,-0.07,-0.07,plattenweg,normal
14:49:20.934,0.43,-5.3,12.62,0.09,-0.03,0.01,plattenweg,normal
14:49:21.041,-1.53,6.59,14.09,0.11,0.22,0.09,plattenweg,normal
14:49:21.156,2.68,-4.2,9.8,-0.15,-0.05,0.1,plattenweg,normal
14:49:21.259,0.49,0.11,9.04,0.11,-0.18,0.14,plattenweg,normal
14:49:21.374,-1.59,-1.47,7.48,-0.15,-0.08,0.18,plattenweg,normal
14:49:21.480,-3.03,-1.81,5.57,0.05,0.73,0.3,plattenweg,normal
14:49:21.595,3.45,2.22,21.16,0.01,0.08,0.28,plattenweg,normal
14:49:21.703,-3.87,-3.48,2.91,-0.04,-0.2,0.16,plattenweg,normal
14:49:21.808,-2.96,2.39,11.9,0.14,0.47,0.16,plattenweg,normal
14:49:21.914,-1.33,0.33,18.15,-0.15,0.33,0.07,plattenweg,normal
14:49:22.030,1.42,1.39,9.54,-0.04,-0.09,0.07,plattenweg,normal
14:49:22.135,-4.41,1.28,6.83,-0.02,0.29,0.16,plattenweg,normal
14:49:22.249,-2.43,3.6,10.1,0.01,0.2,0.1,plattenweg,normal
14:49:22.358,-3.21,-1.52,10.25,-0.02,0.21,-0.0,plattenweg,normal
14:49:22.471,-1.91,5.28,12.37,0.11,0.06,-0.11,plattenweg,normal
14:49:22.578,1.05,-3.0,9.33,-0.14,0.1,-0.18,plattenweg,normal
14:49:22.692,-0.51,-0.44,11.21,-0.05,-0.03,-0.14,plattenweg,normal
14:49:22.808,-1.35,-2.95,10.02,-0.12,0.05,-0.06,plattenweg,normal
14:49:22.918,-3.38,-1.22,7.43,-0.1,0.13,-0.01,plattenweg,normal
14:49:23.032,-3.38,-0.76,11.47,-0.06,-0.01,-0.13,plattenweg,normal
14:49:23.143,-1.38,-1.19,9.97,0.03,-0.15,-0.27,plattenweg,normal
14:49:23.253,5.4,0.57,12.16,0.1,-0.64,-0.32,plattenweg,normal
14:49:23.365,-4.45,3.89,6.91,0.11,-0.12,-0.22,plattenweg,normal
